{
    "r2_score": 0.9707789148032696,
    "rmse": 355.93549704042033
}